{"cameraMode":{"drawMode":0,"name":"Shaded","section":"Shading Mode"},"sceneLighting":false,"audioPlay":false,"sceneViewState":{"showFog":true,"showMaterialUpdate":true,"showSkybox":false,"showFlares":true,"showImageEffects":true,"showParticleSystems":true},"in2DMode":false,"pivot":{"x":1.1920928955078126e-7,"y":2.7506346702575685,"z":0.0},"rotation":{"x":-0.11672227829694748,"y":0.7161136865615845,"z":-0.12386757135391236,"w":-0.6771513819694519},"size":2.979792356491089,"orthographic":false}