{"cameraMode":{"drawMode":0,"name":"Shaded","section":"Shading Mode"},"sceneLighting":true,"audioPlay":false,"sceneViewState":{"showFog":true,"showMaterialUpdate":false,"showSkybox":true,"showFlares":true,"showImageEffects":true,"showParticleSystems":true},"in2DMode":false,"pivot":{"x":1.4703381061553956,"y":12.070255279541016,"z":-13.03450870513916},"rotation":{"x":0.014583797194063664,"y":0.941195547580719,"z":-0.33505529165267947,"w":0.04096778854727745},"size":2.6127254962921144,"orthographic":false}