{"cameraMode":{"drawMode":0,"name":"Shaded","section":"Shading Mode"},"sceneLighting":true,"audioPlay":false,"sceneViewState":{"showFog":true,"showMaterialUpdate":false,"showSkybox":true,"showFlares":true,"showImageEffects":true,"showParticleSystems":true},"in2DMode":false,"pivot":{"x":2.065000057220459,"y":1.2699999809265137,"z":-2.0399999618530275},"rotation":{"x":0.21556834876537324,"y":0.04421405494213104,"z":-0.009771331213414669,"w":0.9754399061203003},"size":0.586542546749115,"orthographic":false}