{"cameraMode":{"drawMode":0,"name":"Shaded","section":"Shading Mode"},"sceneLighting":false,"audioPlay":false,"sceneViewState":{"showFog":true,"showMaterialUpdate":false,"showSkybox":false,"showFlares":true,"showImageEffects":true,"showParticleSystems":true},"in2DMode":false,"pivot":{"x":-0.09193511307239533,"y":0.7517417669296265,"z":-1.171763300895691},"rotation":{"x":-0.40733346343040469,"y":-0.5918794274330139,"z":0.467802494764328,"w":-0.5149725079536438},"size":0.9903611540794373,"orthographic":false}